<?xml version="1.0" encoding="UTF-8"?>
<module>
  <exporttime>2022-01-25 06:13:51</exporttime>
  <name>Joinee</name>
  <label>Joinee</label>
  <parent>Support</parent>
  <dependencies>
    <vtiger_version>7.1.0</vtiger_version>
  </dependencies>
  <license>
    <inline><![CDATA[***************************************************************************************************************************
 *  Module              : Joinee
 *  Version             : 1.0
 *  Vtiger              : 7.3.0
 *  Author              : Module Builder v 1.0 - Technokrafts Labs Pvt Ltd.
 *  Supported browsers  : Internet Explorer 7 or higher, Mozilla Firefox 3.0 or higher, Google Chrome, Safari
 ****************************************************************************************************************************

 Terms and Conditions:

 No Warranty. The Software is provided "as is" without warranty of any kind, either express
 or implied, including without limitation any implied warranties of condition, uninterrupted
 use, merchantability, fitness for a particular purpose, or non-infringement.

 LICENSE

 The "Joinee" Module is build from the Module Builder Module.

 The Joinee License will be referred to as "The license" in the remainder of this text.

 This irrevocable, perpetual license covers all versions 1.xx of Joinee.

 This license gives the holder right to install Joinee on ONE vtiger CRM installation.

 The license holder is allowed to make modifications to the Joinee sources but in no
 event will the original copyright holders of this library be held responsible for action
 or actions resulting from any modifications of the source.

 The license holder is not required to publicize or otherwise make available any software
 used in conjunction with Module Builder.

 The license holder may not re-distribute the library on it's own or versions thereof
 to third party without prior written permission of the copyright holder.

 Joinee License does not allow the library to be redistributed as part of another
 product.

 The license may be transferred to another vtiger CRM instalation only with prior
 written permission.

 The wording of this license may change without notice for future versions of Joinee.]]></inline>
  </license>
  <tables>
    <table>
      <name>vtiger_joinee</name>
      <sql><![CDATA[CREATE TABLE `vtiger_joinee` (`joineeid` int(11) NOT NULL, `joineeno` varchar(100) default NULL, `joinee_tks_firstname` varchar(32) default NULL ,`joinee_tks_lastname` varchar(32) default NULL ,`joinee_tks_birthdate` date default NULL ,`joinee_tks_mobileno` varchar(100) default NULL ,`joinee_tks_emailid` varchar(100) default NULL ,`joinee_tks_positiontitle` varchar(32) default NULL ,`joinee_tks_reportto` varchar(32) default NULL ,`joinee_tks_employmenttype` varchar(100) default NULL ,`joinee_tks_contractstartdate` date default NULL ,`joinee_tks_contractenddate-ifa` date default NULL ,`joinee_tks_department` varchar(100) default NULL ,`joinee_tks_address` varchar(250) default NULL ,`joinee_tks_city` varchar(32) default NULL ,`joinee_tks_state` varchar(32) default NULL ,`joinee_tks_pincode` int(32) default NULL ,`joinee_tks_emergencycontactnam` varchar(32) default NULL ,`joinee_tks_emergencycontactmob` varchar(100) default NULL   , PRIMARY KEY (`joineeid`) ) ENGINE=InnoDB DEFAULT CHARSET=utf8]]></sql>
    </table>
    <table>
      <name>vtiger_joineecf</name>
      <sql><![CDATA[CREATE TABLE `vtiger_joineecf` (`joineeid` int(11) NOT NULL, PRIMARY KEY (`joineeid`) ) ENGINE=InnoDB DEFAULT CHARSET=utf8]]></sql>
    </table>
    <table>
      <name>vtiger_joinee_user_field</name>
      <sql><![CDATA[CREATE TABLE `vtiger_joinee_user_field` (`recordid` int(25) NOT NULL, `userid` int(25) NOT NULL, `starred` varchar(100) default NULL , KEY (`vtiger_joinee_user_field`) ) ENGINE=InnoDB DEFAULT CHARSET=utf8]]></sql>
    </table>
  </tables>
  <blocks>
    <block>
      <label>Joinee Details</label>
      <fields>
        <field>
          <fieldname>joineeno</fieldname>
          <uitype>4</uitype>
          <columnname>joineeno</columnname>
          <tablename>vtiger_joinee</tablename>
          <generatedtype>1</generatedtype>
          <fieldlabel>Joinee No</fieldlabel>
          <readonly>1</readonly>
          <presence>2</presence>
          <defaultvalue></defaultvalue>
          <sequence>0</sequence>
          <maximumlength>100</maximumlength>
          <typeofdata>V~M</typeofdata>
          <quickcreate>1</quickcreate>
          <quickcreatesequence></quickcreatesequence>
          <displaytype>1</displaytype>
          <info_type>BAS</info_type>
          <helpinfo><![CDATA[]]></helpinfo>
          <masseditable>1</masseditable>
        </field>
        <field>
          <fieldname>joinee_tks_firstname</fieldname>
          <uitype>2</uitype>
          <columnname>joinee_tks_firstname</columnname>
          <tablename>vtiger_joinee</tablename>
          <generatedtype>1</generatedtype>
          <fieldlabel>First Name</fieldlabel>
          <readonly>1</readonly>
          <presence>2</presence>
          <defaultvalue></defaultvalue>
          <sequence>1</sequence>
          <maximumlength>32</maximumlength>
          <typeofdata>V~O</typeofdata>
          <quickcreate>1</quickcreate>
          <quickcreatesequence></quickcreatesequence>
          <displaytype>1</displaytype>
          <info_type>BAS</info_type>
          <helpinfo><![CDATA[]]></helpinfo>
          <masseditable>0</masseditable>
        </field>
        <field>
          <fieldname>joinee_tks_lastname</fieldname>
          <uitype>2</uitype>
          <columnname>joinee_tks_lastname</columnname>
          <tablename>vtiger_joinee</tablename>
          <generatedtype>1</generatedtype>
          <fieldlabel>Last Name</fieldlabel>
          <readonly>1</readonly>
          <presence>2</presence>
          <defaultvalue></defaultvalue>
          <sequence>2</sequence>
          <maximumlength>32</maximumlength>
          <typeofdata>V~M</typeofdata>
          <quickcreate>2</quickcreate>
          <quickcreatesequence></quickcreatesequence>
          <displaytype>1</displaytype>
          <info_type>BAS</info_type>
          <helpinfo><![CDATA[]]></helpinfo>
          <masseditable>0</masseditable>
        </field>
        <field>
          <fieldname>joinee_tks_birthdate</fieldname>
          <uitype>5</uitype>
          <columnname>joinee_tks_birthdate</columnname>
          <tablename>vtiger_joinee</tablename>
          <generatedtype>1</generatedtype>
          <fieldlabel>Birth Date</fieldlabel>
          <readonly>1</readonly>
          <presence>2</presence>
          <defaultvalue></defaultvalue>
          <sequence>3</sequence>
          <maximumlength>100</maximumlength>
          <typeofdata>D~M</typeofdata>
          <quickcreate>2</quickcreate>
          <quickcreatesequence></quickcreatesequence>
          <displaytype>1</displaytype>
          <info_type>BAS</info_type>
          <helpinfo><![CDATA[]]></helpinfo>
          <masseditable>0</masseditable>
        </field>
        <field>
          <fieldname>joinee_tks_mobileno</fieldname>
          <uitype>11</uitype>
          <columnname>joinee_tks_mobileno</columnname>
          <tablename>vtiger_joinee</tablename>
          <generatedtype>1</generatedtype>
          <fieldlabel>Mobile No</fieldlabel>
          <readonly>1</readonly>
          <presence>2</presence>
          <defaultvalue></defaultvalue>
          <sequence>4</sequence>
          <maximumlength>100</maximumlength>
          <typeofdata>V~M</typeofdata>
          <quickcreate>2</quickcreate>
          <quickcreatesequence></quickcreatesequence>
          <displaytype>1</displaytype>
          <info_type>BAS</info_type>
          <helpinfo><![CDATA[]]></helpinfo>
          <masseditable>0</masseditable>
        </field>
        <field>
          <fieldname>joinee_tks_emailid</fieldname>
          <uitype>13</uitype>
          <columnname>joinee_tks_emailid</columnname>
          <tablename>vtiger_joinee</tablename>
          <generatedtype>1</generatedtype>
          <fieldlabel>Email Id</fieldlabel>
          <readonly>1</readonly>
          <presence>2</presence>
          <defaultvalue></defaultvalue>
          <sequence>5</sequence>
          <maximumlength>100</maximumlength>
          <typeofdata>E~M</typeofdata>
          <quickcreate>2</quickcreate>
          <quickcreatesequence></quickcreatesequence>
          <displaytype>1</displaytype>
          <info_type>BAS</info_type>
          <helpinfo><![CDATA[]]></helpinfo>
          <masseditable>0</masseditable>
        </field>
        <field>
          <fieldname>assigned_user_id</fieldname>
          <uitype>53</uitype>
          <columnname>smownerid</columnname>
          <tablename>vtiger_crmentity</tablename>
          <generatedtype>1</generatedtype>
          <fieldlabel>Assigned To</fieldlabel>
          <readonly>1</readonly>
          <presence>2</presence>
          <defaultvalue></defaultvalue>
          <sequence>7</sequence>
          <maximumlength>100</maximumlength>
          <typeofdata>V~M</typeofdata>
          <quickcreate>1</quickcreate>
          <quickcreatesequence></quickcreatesequence>
          <displaytype>1</displaytype>
          <info_type>BAS</info_type>
          <masseditable>1</masseditable>
        </field>
        <field>
          <fieldname>createdtime</fieldname>
          <uitype>70</uitype>
          <columnname>createdtime</columnname>
          <tablename>vtiger_crmentity</tablename>
          <generatedtype>1</generatedtype>
          <fieldlabel>Created Time</fieldlabel>
          <readonly>1</readonly>
          <presence>2</presence>
          <defaultvalue></defaultvalue>
          <sequence>8</sequence>
          <maximumlength>100</maximumlength>
          <typeofdata>T~O</typeofdata>
          <quickcreate>1</quickcreate>
          <quickcreatesequence></quickcreatesequence>
          <displaytype>2</displaytype>
          <info_type>BAS</info_type>
          <masseditable>1</masseditable>
        </field>
        <field>
          <fieldname>modifiedtime</fieldname>
          <uitype>70</uitype>
          <columnname>modifiedtime</columnname>
          <tablename>vtiger_crmentity</tablename>
          <generatedtype>1</generatedtype>
          <fieldlabel>Modified Time</fieldlabel>
          <readonly>1</readonly>
          <presence>2</presence>
          <defaultvalue></defaultvalue>
          <sequence>9</sequence>
          <maximumlength>100</maximumlength>
          <typeofdata>T~O</typeofdata>
          <quickcreate>1</quickcreate>
          <quickcreatesequence></quickcreatesequence>
          <displaytype>2</displaytype>
          <info_type>BAS</info_type>
          <masseditable>1</masseditable>
        </field>
      </fields>
    </block>
    <block>
      <label>Position Information Details</label>
      <fields>
        <field>
          <fieldname>joinee_tks_positiontitle</fieldname>
          <uitype>2</uitype>
          <columnname>joinee_tks_positiontitle</columnname>
          <tablename>vtiger_joinee</tablename>
          <generatedtype>1</generatedtype>
          <fieldlabel>Position Title</fieldlabel>
          <readonly>1</readonly>
          <presence>2</presence>
          <defaultvalue></defaultvalue>
          <sequence>1</sequence>
          <maximumlength>32</maximumlength>
          <typeofdata>V~M</typeofdata>
          <quickcreate>2</quickcreate>
          <quickcreatesequence></quickcreatesequence>
          <displaytype>1</displaytype>
          <info_type>BAS</info_type>
          <helpinfo><![CDATA[]]></helpinfo>
          <masseditable>0</masseditable>
        </field>
        <field>
          <fieldname>joinee_tks_reportto</fieldname>
          <uitype>2</uitype>
          <columnname>joinee_tks_reportto</columnname>
          <tablename>vtiger_joinee</tablename>
          <generatedtype>1</generatedtype>
          <fieldlabel>Report To</fieldlabel>
          <readonly>1</readonly>
          <presence>2</presence>
          <defaultvalue></defaultvalue>
          <sequence>2</sequence>
          <maximumlength>32</maximumlength>
          <typeofdata>V~M</typeofdata>
          <quickcreate>2</quickcreate>
          <quickcreatesequence></quickcreatesequence>
          <displaytype>1</displaytype>
          <info_type>BAS</info_type>
          <helpinfo><![CDATA[]]></helpinfo>
          <masseditable>0</masseditable>
        </field>
        <field>
          <fieldname>joinee_tks_employmenttype</fieldname>
          <uitype>15</uitype>
          <columnname>joinee_tks_employmenttype</columnname>
          <tablename>vtiger_joinee</tablename>
          <generatedtype>1</generatedtype>
          <fieldlabel>Employment Type</fieldlabel>
          <readonly>1</readonly>
          <presence>2</presence>
          <defaultvalue></defaultvalue>
          <sequence>3</sequence>
          <maximumlength>100</maximumlength>
          <typeofdata>V~M</typeofdata>
          <quickcreate>2</quickcreate>
          <quickcreatesequence></quickcreatesequence>
          <displaytype>1</displaytype>
          <info_type>BAS</info_type>
          <helpinfo><![CDATA[]]></helpinfo>
          <masseditable>0</masseditable>
          <picklistvalues>
            <picklistvalue>Full Time</picklistvalue>
            <picklistvalue>Part Time</picklistvalue>
            <picklistvalue>Casual</picklistvalue>
          </picklistvalues>
        </field>
        <field>
          <fieldname>joinee_tks_contractstartdate</fieldname>
          <uitype>5</uitype>
          <columnname>joinee_tks_contractstartdate</columnname>
          <tablename>vtiger_joinee</tablename>
          <generatedtype>1</generatedtype>
          <fieldlabel>Contract Start Date</fieldlabel>
          <readonly>1</readonly>
          <presence>2</presence>
          <defaultvalue></defaultvalue>
          <sequence>4</sequence>
          <maximumlength>100</maximumlength>
          <typeofdata>D~O</typeofdata>
          <quickcreate>1</quickcreate>
          <quickcreatesequence></quickcreatesequence>
          <displaytype>1</displaytype>
          <info_type>BAS</info_type>
          <helpinfo><![CDATA[]]></helpinfo>
          <masseditable>0</masseditable>
        </field>
        <field>
          <fieldname>joinee_tks_contractenddate-ifa</fieldname>
          <uitype>5</uitype>
          <columnname>joinee_tks_contractenddate-ifa</columnname>
          <tablename>vtiger_joinee</tablename>
          <generatedtype>1</generatedtype>
          <fieldlabel>Contract End Date - if applicable</fieldlabel>
          <readonly>1</readonly>
          <presence>2</presence>
          <defaultvalue></defaultvalue>
          <sequence>5</sequence>
          <maximumlength>100</maximumlength>
          <typeofdata>D~O</typeofdata>
          <quickcreate>1</quickcreate>
          <quickcreatesequence></quickcreatesequence>
          <displaytype>1</displaytype>
          <info_type>BAS</info_type>
          <helpinfo><![CDATA[]]></helpinfo>
          <masseditable>0</masseditable>
        </field>
        <field>
          <fieldname>joinee_tks_department</fieldname>
          <uitype>15</uitype>
          <columnname>joinee_tks_department</columnname>
          <tablename>vtiger_joinee</tablename>
          <generatedtype>1</generatedtype>
          <fieldlabel>Department</fieldlabel>
          <readonly>1</readonly>
          <presence>2</presence>
          <defaultvalue></defaultvalue>
          <sequence>6</sequence>
          <maximumlength>100</maximumlength>
          <typeofdata>V~M</typeofdata>
          <quickcreate>2</quickcreate>
          <quickcreatesequence></quickcreatesequence>
          <displaytype>1</displaytype>
          <info_type>BAS</info_type>
          <helpinfo><![CDATA[]]></helpinfo>
          <masseditable>0</masseditable>
          <picklistvalues>
            <picklistvalue>Marketing</picklistvalue>
            <picklistvalue>HR</picklistvalue>
            <picklistvalue>Finance</picklistvalue>
            <picklistvalue>Sales</picklistvalue>
            <picklistvalue>Development</picklistvalue>
            <picklistvalue>Engineering</picklistvalue>
            <picklistvalue>Executive</picklistvalue>
          </picklistvalues>
        </field>
      </fields>
    </block>
    <block>
      <label>Address Details</label>
      <fields>
        <field>
          <fieldname>joinee_tks_address</fieldname>
          <uitype>21</uitype>
          <columnname>joinee_tks_address</columnname>
          <tablename>vtiger_joinee</tablename>
          <generatedtype>1</generatedtype>
          <fieldlabel>Address</fieldlabel>
          <readonly>1</readonly>
          <presence>2</presence>
          <defaultvalue></defaultvalue>
          <sequence>1</sequence>
          <maximumlength>250</maximumlength>
          <typeofdata>V~M</typeofdata>
          <quickcreate>2</quickcreate>
          <quickcreatesequence></quickcreatesequence>
          <displaytype>1</displaytype>
          <info_type>BAS</info_type>
          <helpinfo><![CDATA[]]></helpinfo>
          <masseditable>0</masseditable>
        </field>
        <field>
          <fieldname>joinee_tks_city</fieldname>
          <uitype>2</uitype>
          <columnname>joinee_tks_city</columnname>
          <tablename>vtiger_joinee</tablename>
          <generatedtype>1</generatedtype>
          <fieldlabel>City</fieldlabel>
          <readonly>1</readonly>
          <presence>2</presence>
          <defaultvalue></defaultvalue>
          <sequence>2</sequence>
          <maximumlength>32</maximumlength>
          <typeofdata>V~O</typeofdata>
          <quickcreate>1</quickcreate>
          <quickcreatesequence></quickcreatesequence>
          <displaytype>1</displaytype>
          <info_type>BAS</info_type>
          <helpinfo><![CDATA[]]></helpinfo>
          <masseditable>0</masseditable>
        </field>
        <field>
          <fieldname>joinee_tks_state</fieldname>
          <uitype>2</uitype>
          <columnname>joinee_tks_state</columnname>
          <tablename>vtiger_joinee</tablename>
          <generatedtype>1</generatedtype>
          <fieldlabel>State</fieldlabel>
          <readonly>1</readonly>
          <presence>2</presence>
          <defaultvalue></defaultvalue>
          <sequence>3</sequence>
          <maximumlength>32</maximumlength>
          <typeofdata>V~O</typeofdata>
          <quickcreate>1</quickcreate>
          <quickcreatesequence></quickcreatesequence>
          <displaytype>1</displaytype>
          <info_type>BAS</info_type>
          <helpinfo><![CDATA[]]></helpinfo>
          <masseditable>0</masseditable>
        </field>
        <field>
          <fieldname>joinee_tks_pincode</fieldname>
          <uitype>1</uitype>
          <columnname>joinee_tks_pincode</columnname>
          <tablename>vtiger_joinee</tablename>
          <generatedtype>1</generatedtype>
          <fieldlabel>Pincode</fieldlabel>
          <readonly>1</readonly>
          <presence>2</presence>
          <defaultvalue></defaultvalue>
          <sequence>4</sequence>
          <maximumlength>32</maximumlength>
          <typeofdata>I~M</typeofdata>
          <quickcreate>2</quickcreate>
          <quickcreatesequence></quickcreatesequence>
          <displaytype>1</displaytype>
          <info_type>BAS</info_type>
          <helpinfo><![CDATA[]]></helpinfo>
          <masseditable>0</masseditable>
        </field>
      </fields>
    </block>
    <block>
      <label>Emergency Contact Details</label>
      <fields>
        <field>
          <fieldname>joinee_tks_emergencycontactnam</fieldname>
          <uitype>2</uitype>
          <columnname>joinee_tks_emergencycontactnam</columnname>
          <tablename>vtiger_joinee</tablename>
          <generatedtype>1</generatedtype>
          <fieldlabel>Emergency  Contact Name</fieldlabel>
          <readonly>1</readonly>
          <presence>2</presence>
          <defaultvalue></defaultvalue>
          <sequence>1</sequence>
          <maximumlength>32</maximumlength>
          <typeofdata>V~O</typeofdata>
          <quickcreate>1</quickcreate>
          <quickcreatesequence></quickcreatesequence>
          <displaytype>1</displaytype>
          <info_type>BAS</info_type>
          <helpinfo><![CDATA[]]></helpinfo>
          <masseditable>0</masseditable>
        </field>
        <field>
          <fieldname>joinee_tks_emergencycontactmob</fieldname>
          <uitype>11</uitype>
          <columnname>joinee_tks_emergencycontactmob</columnname>
          <tablename>vtiger_joinee</tablename>
          <generatedtype>1</generatedtype>
          <fieldlabel>Emergency  Contact Mobile</fieldlabel>
          <readonly>1</readonly>
          <presence>2</presence>
          <defaultvalue></defaultvalue>
          <sequence>2</sequence>
          <maximumlength>100</maximumlength>
          <typeofdata>V~O</typeofdata>
          <quickcreate>1</quickcreate>
          <quickcreatesequence></quickcreatesequence>
          <displaytype>1</displaytype>
          <info_type>BAS</info_type>
          <helpinfo><![CDATA[]]></helpinfo>
          <masseditable>0</masseditable>
        </field>
      </fields>
    </block>
  </blocks>
  <customviews>
    <customview>
      <viewname>All</viewname>
      <setdefault>false</setdefault>
      <setmetrics>false</setmetrics>
      <fields>
        <field>
          <fieldname>joineeno</fieldname>
          <columnindex>1</columnindex>
        </field>
        <field>
          <fieldname>joinee_tks_lastname</fieldname>
          <columnindex>2</columnindex>
        </field>
        <field>
          <fieldname>joinee_tks_mobileno</fieldname>
          <columnindex>3</columnindex>
        </field>
        <field>
          <fieldname>joinee_tks_emailid</fieldname>
          <columnindex>4</columnindex>
        </field>
        <field>
          <fieldname>joinee_tks_positiontitle</fieldname>
          <columnindex>5</columnindex>
        </field>
        <field>
          <fieldname>joinee_tks_reportto</fieldname>
          <columnindex>6</columnindex>
        </field>
        <field>
          <fieldname>joinee_tks_employmenttype</fieldname>
          <columnindex>7</columnindex>
        </field>
        <field>
          <fieldname>joinee_tks_department</fieldname>
          <columnindex>8</columnindex>
        </field>
        <field>
          <fieldname>joinee_tks_address</fieldname>
          <columnindex>9</columnindex>
        </field>
        <field>
          <fieldname>joinee_tks_pincode</fieldname>
          <columnindex>10</columnindex>
        </field>
        <field>
          <fieldname>assigned_user_id</fieldname>
          <columnindex>11</columnindex>
        </field>
      </fields>
    </customview>
  </customviews>
  <sharingaccess>
    <default>private</default>
  </sharingaccess>
  <actions>
    <action>
      <name><![CDATA[Import]]></name>
      <status>enabled</status>
    </action>
    <action>
      <name><![CDATA[Export]]></name>
      <status>enabled</status>
    </action>
    <action>
      <name><![CDATA[Merge]]></name>
      <status>enabled</status>
    </action>
  </actions>
  <crons></crons>
</module>
